Question,Answer
What is the ideal temperature for tomato seed germination?,The ideal temperature for tomato seed germination is between 70-80째F (21-27째C).
How often should I water tomato plants?,Water tomato plants consistently
What is the best type of fertilizer for tomato plants?,Use a balanced fertilizer with equal amounts of nitrogen
How much sunlight do tomato plants need?,Tomato plants require at least 6-8 hours of direct sunlight per day for optimal growth.
When should I transplant tomato seedlings?,Transplant tomato seedlings when they have at least two sets of true leaves and nighttime temperatures remain above 50째F (10째C).
How far apart should I space tomato plants?,Space tomato plants 24-36 inches (60-90 cm) apart within rows
Should I prune tomato plants?,Prune indeterminate tomato plants to improve air circulation and reduce disease risk. Remove suckers and lower leaves that touch the ground. Determinate tomato plants typically don't require pruning.
What are some common tomato pests?,Common tomato pests include aphids
How can I control tomato pests organically?,Use methods like companion planting
What are the symptoms of tomato blight?,Symptoms of tomato blight include yellowing and wilting leaves
How can I prevent tomato blight?,Prevent tomato blight by providing adequate spacing
When is the best time to harvest tomatoes?,Harvest tomatoes when they have reached their full color and are slightly firm to the touch.
How can I save tomato seeds for next year?,Save tomato seeds by fermenting
Can I grow tomatoes in containers?,Yes
How do I choose the right tomato variety for my garden?,Choose tomato varieties based on factors like climate
What is the difference between determinate and indeterminate tomatoes?,Determinate tomatoes grow to a set height and produce fruit all at once
Can I grow tomatoes upside down?,Yes
Why do my tomatoes have cracks or splits?,Cracks or splits in tomatoes are typically caused by inconsistent watering or rapid changes in temperature.
How can I improve the flavor of my tomatoes?,Improve the flavor of your tomatoes by choosing flavorful varieties
Can I grow tomatoes from cuttings?,Yes
How do I support tomato plants as they grow?,Support tomato plants using stakes
What causes yellow leaves on tomato plants?,Yellow leaves on tomato plants can be caused by nutrient deficiencies
Why are my tomato flowers falling off without producing fruit?,Tomato flowers may fall off without producing fruit due to poor pollination
How do I protect my tomatoes from frost?,Protect tomatoes from frost by using frost blankets
Can I grow tomatoes in a greenhouse?,Yes
What causes blossom-end rot in tomatoes?,Blossom-end rot is caused by calcium deficiency or inconsistent watering. Ensure proper calcium levels in the soil and maintain consistent watering to prevent this issue.
Why are my tomatoes not ripening on the vine?,Tomatoes may not ripen on the vine due to factors like cool temperatures
How do I store harvested tomatoes?,"Store harvested tomatoes at room temperature, away from direct sunlight, and with the stem end facing up. Avoid refrigeration, as it can cause a loss of flavor and texture."
Is it possible to grow tomatoes hydroponically?,"Yes, tomatoes can be grown hydroponically using a nutrient-rich water solution and a suitable growing medium, like perlite or coconut coir"
Can I grow tomatoes from supermarket tomatoes?,"While it is possible to grow tomatoes from supermarket tomatoes, the results may be unpredictable. Supermarket tomatoes are often hybrid varieties, and the plants grown from their seeds may not produce the same type or quality of fruit. It's better to use seeds from a reputable source or heirloom varieties."
What is the purpose of hardening off tomato seedlings?,"Hardening off tomato seedlings helps them gradually acclimate to outdoor conditions, reducing the risk of transplant shock when they are moved from indoors to the garden"
How do I harden off tomato seedlings?,"Gradually expose tomato seedlings to outdoor conditions over 7-10 days. Start with 1-2 hours of indirect sunlight, and increase exposure each day while also introducing them to wind and cooler temperatures"
How deep should I plant tomato seedlings?,Plant tomato seedlings deep enough to cover the stem up to the first set of true leaves. This encourages the development of a stronger root system
Can I grow tomatoes in a raised bed?,"Yes, tomatoes can be grown in raised beds, which offer benefits like improved drainage, better soil quality, and easier weed control"
"What is companion planting, and which plants are good companions for tomatoes?","Companion planting involves growing certain plants together to improve growth, control pests, or enhance flavor. Good companion plants for tomatoes include basil, marigolds, nasturtiums, and garlic"
What causes catfacing in tomatoes?,"Catfacing is a deformity in tomatoes caused by factors like cool temperatures during flowering, poor pollination, or exposure to certain herbicides. To prevent catfacing, maintain consistent temperatures and avoid using harmful chemicals."
How do I treat tomato plants with leaf curl?,"Tomato leaf curl can be caused by physiological stress, herbicide exposure, or viral infections. Identify the cause and address it accordingly, by adjusting watering practices, removing affected leaves, or using resistant varieties"
Can I grow tomatoes from slices?,"Yes, you can grow tomatoes from slices by placing a ripe tomato slice in a pot of moist soil, covering it lightly, and providing consistent warmth and moisture. Once seedlings emerge, thin them to allow for proper growth"
Why are my tomato leaves turning purple?,"Purple leaves on tomato plants may indicate phosphorus deficiency, cold stress, or a genetic trait. Ensure adequate phosphorus levels in the soil and maintain proper growing temperatures to address these issues"
How can I increase the yield of my tomato plants?,"To increase tomato yield, choose high-yielding varieties, provide proper nutrition, maintain consistent watering, ensure adequate sunlight, and use appropriate pruning and support techniques"
What causes tomatoes to have a mealy texture?,"Mealy tomatoes can result from over-ripening on the vine, improper storage conditions, or growing low-quality varieties. Harvest tomatoes at peak ripeness, store them properly, and choose varieties with desirable textures"
Should I remove the flowers from my tomato plants?,"Removing flowers from young tomato plants can help direct energy toward vegetative growth, resulting in stronger plants. However, once the plant is well-established, it's generally not necessary to remove flowers"
How long does it take for a tomato plant to produce fruit?,"Tomato plants typically produce fruit within 60-100 days after transplanting, depending on the variety and growing conditions"
How do I control weeds around my tomato plants?,"Control weeds around tomato plants by using mulch, landscape fabric, or organic herbicides, and by hand-weeding regularly"
What is the ideal pH level for tomato plants?,"The ideal pH level for tomato plants is between 6.0 and 6.8, which allows for optimal nutrient uptake"
How can I tell if my tomato plant has a nutrient deficiency?,"Nutrient deficiencies in tomato plants can cause symptoms like yellowing leaves, stunted growth, or poor fruit development. Identify the specific deficiency by observing the symptoms and testing the soil, then provide the necessary nutrients"
Is it possible to grow tomatoes indoors?,"Yes, tomatoes can be grown indoors using grow lights, providing at least 12-16 hours of light per day, and maintaining consistent temperature and humidity"
How do I prevent birds and squirrels from eating my tomatoes?,"Protect your tomatoes from birds and squirrels by using netting, bird deterrents like reflective tape or predator decoys, or enclosing the plants in a protective cage"
Can I grow multiple tomato varieties in the same garden bed?,"Yes, you can grow multiple tomato varieties in the same garden bed, but ensure adequate spacing and avoid planting varieties with similar disease susceptibility together"
How do I encourage more lateral growth in my tomato plants?,"Encourage lateral growth in tomato plants by pruning the central leader or main stem, allowing side shoots to develop and create a bushier growth habit. This is particularly effective for indeterminate tomato varieties"
How do I know when to start my tomato seeds indoors?,"Start tomato seeds indoors 6-8 weeks before the last expected frost date in your area, allowing enough time for seedlings to grow before transplanting outdoors"
What type of soil should I use for starting tomato seeds?,"Use a sterile, well-draining seed-starting mix or potting soil with good moisture retention for starting tomato seeds"
Can I grow tomatoes from store-bought tomato paste or sauce?,"It's unlikely to grow tomatoes from store-bought tomato paste or sauce, as seeds in these products are usually cooked or processed, rendering them non-viable"
"What is grafting, and can I graft tomato plants?","Grafting is a technique where a scion (the top part of one plant) is joined to the rootstock (the root system of another plant) to combine their desirable traits. Yes, tomato plants can be grafted to improve disease resistance, vigor, or yield"
How do I prevent root-knot nematodes in my tomato garden?,"Prevent root-knot nematodes by practicing crop rotation, solarizing the soil, using biocontrol agents like beneficial nematodes, or growing resistant tomato varieties"
Can I reuse the same soil for growing tomatoes year after year?,"Reusing the same soil for tomatoes can lead to nutrient depletion and disease buildup. It's best to practice crop rotation, amend the soil with organic matter, or replace it with fresh soil or compost"
Can I grow tomatoes next to potatoes?,"It's not recommended to grow tomatoes next to potatoes, as they are both susceptible to similar diseases, such as late blight, which can spread between the two plants"
How can I speed up the ripening process for my tomatoes?,"Speed up the ripening process for tomatoes by placing them in a paper bag with a ripe banana or apple, which releases ethylene gas, a natural ripening agent"
"What causes tomatoes to develop a sunken, black spot on the bottom?","Sunken, black spots on the bottom of tomatoes are a sign of blossom-end rot, caused by calcium deficiency or inconsistent watering. Ensure proper calcium levels in the soil and maintain consistent watering to prevent this issue"
Should I remove leaves from the bottom of my tomato plant?,"Removing lower leaves from tomato plants can improve air circulation, reduce disease risk, and prevent leaves from touching the soil. However, avoid excessive pruning, as leaves provide energy for fruit production"
How do I prevent damping-off in tomato seedlings?,"Prevent damping-off in tomato seedlings by using sterile soil, providing good air circulation, avoiding over-watering, and using a fungicide if necessary"
How do I identify and treat tomato mosaic virus?,"Tomato mosaic virus symptoms include yellow-green mottling on leaves, stunted growth, and reduced yields. There's no cure for the virus, so remove and destroy infected plants, and sanitize gardening tools to prevent its spread"
Can I grow tomatoes in a square foot garden?,"Yes, tomatoes can be grown in a square foot garden. Space plants according to their growth habit, using stakes or cages for support, and follow square foot gardening principles for planting other compatible crops"
How do I grow tomatoes in a vertical garden?,"Grow tomatoes in a vertical garden by using containers, trellises, or vertical gardening systems. Choose compact or indeterminate varieties, provide adequate support, and maintain proper growing conditions like consistent watering and sunlight"
What causes tomato plants to wilt suddenly?,"Sudden wilting of tomato plants can be caused by factors like lack of water, root rot, or diseases like Fusarium or Verticillium wilt. Identify the cause and address it accordingly, such as improving watering practices or using resistant varieties"
Can I grow tomatoes in a hanging basket?,"Yes, you can grow tomatoes in hanging baskets, especially compact or trailing varieties. Ensure the basket is large enough to support the plant's growth, and provide consistent watering and sunlight"
How do I treat powdery mildew on tomato plants?,"Treat powdery mildew on tomato plants by improving air circulation, reducing humidity, removing infected leaves, and applying fungicides like sulfur or potassium bicarbonate"
How do I prevent slugs and snails from eating my tomato plants?,"Prevent slugs and snails by using barriers like copper tape or diatomaceous earth, trapping them using beer traps, or introducing natural predators like nematodes or ground beetles"
"What causes tomato plants to have a weak, spindly appearance?","Weak, spindly tomato plants can result from insufficient light, overcrowding, or excess nitrogen. Provide adequate sunlight, space plants properly, and ensure balanced nutrition"
Can I grow tomatoes in a no-dig garden?,"Yes, tomatoes can be grown in a no-dig garden, which involves layering organic materials on top of the soil to create a nutrient-rich growing environment without disturbing the soil structure."
How do I treat aphids on my tomato plants?,"Treat aphids on tomato plants by using insecticidal soap, neem oil, or horticultural oil, or by releasing natural predators like ladybugs or lacewings"
Can I grow tomatoes in a straw bale garden?,"Yes, tomatoes can be grown in a straw bale garden, which involves planting directly into decomposing straw bales that provide a well-draining, nutrient-rich growing medium"
How do I treat tomato hornworms?,"Treat tomato hornworms by hand-picking and disposing of them, using biological controls like Bacillus thuringiensis (Bt), or releasing natural predators like parasitic wasps"
How do I prevent whiteflies on my tomato plants?,"Prevent whiteflies by monitoring plants regularly, using yellow sticky traps, applying insecticidal soap or horticultural oil, and introducing natural predators like ladybugs or lacewings"
Can I grow tomatoes in a self-watering container?,"Yes, tomatoes can be grown in self-watering containers, which provide consistent moisture and reduce the need for manual watering. Ensure the container is large enough to support the plant's growth"
What causes green shoulders on tomatoes?,"Green shoulders on tomatoes can be caused by high temperatures, direct sunlight, or genetic factors. Provide shade during hot weather, and choose tomato varieties less prone to green shoulders"
How do I treat blight on my tomato plants?,"Treat blight on tomato plants by removing infected leaves, improving air circulation, using fungicides like copper or chlorothalonil, and practicing crop rotation or planting resistant varieties"
What causes tomato plants to have yellow leaves with green veins?,"Yellow leaves with green veins on tomato plants may indicate iron deficiency, which can be caused by factors like high soil pH or poor root function. Apply chelated iron or amend the soil to correct the pH level"
How do I treat spider mites on my tomato plants?,"Treat spider mites on tomato plants by using insecticidal soap, neem oil, or horticultural oil, or by releasing natural predators like ladybugs or predatory mites"
How do I grow tomatoes in a hydroponic system?,"Grow tomatoes in a hydroponic system by choosing suitable varieties, providing appropriate nutrient solutions, ensuring adequate light and temperature, and managing pests and diseases"
What causes tomato fruits to crack or split?,Tomato fruits may crack or split due to rapid changes in moisture levels or temperature fluctuations. Maintain consistent watering and use mulch to help regulate soil moisture
Should I grow determinate or indeterminate tomato varieties?,"The choice between determinate and indeterminate tomato varieties depends on factors like available space, desired harvest period, and personal preference. Determinate varieties produce a concentrated harvest, while indeterminate varieties continue producing throughout the season"
How do I increase the sweetness of my tomatoes?,"Increase the sweetness of tomatoes by choosing sweet varieties, providing optimal growing conditions, and allowing fruits to ripen on the vine"
Can I grow tomatoes from cuttings?,"Yes, tomatoes can be grown from cuttings. Take a healthy stem cutting from a mature plant, remove the lower leaves, and place the cutting in water or moist soil until roots develop"
How do I treat bacterial wilt in my tomato plants?,"Bacterial wilt has no effective chemical treatment. Manage it by removing and destroying infected plants, practicing crop rotation, and planting resistant varieties"
Can I grow tomatoes upside down?,"Yes, tomatoes can be grown upside down using specialized containers or hanging baskets, which can save space and reduce certain pest problems"
How do I prevent soil-borne diseases in my tomato garden?,"Prevent soil-borne diseases by practicing crop rotation, using clean and disease-free planting materials, implementing proper sanitation measures, and planting resistant varieties"
How do I identify and treat fusarium wilt in tomato plants?,"Fusarium wilt symptoms include yellowing and wilting leaves, usually on one side of the plant. There is no cure for fusarium wilt; remove and destroy infected plants, and plant resistant varieties in the future"
How do I know when to pick my tomatoes?,Pick tomatoes when they have reached their full color and give slightly when gently squeezed. It's best to harvest tomatoes before they become overripe to avoid issues with texture and taste.
What is the ideal spacing between tomato plants?,"The ideal spacing between tomato plants depends on the variety and growth habit. Generally, allow 18-36 inches (45-90 cm) between plants and 24-48 inches (60-120 cm) between rows"
How do I store fresh tomatoes for long periods?,"Store fresh tomatoes at room temperature, away from direct sunlight, for up to a week. For longer storage, consider freezing, canning, or dehydrating the tomatoes"
Can I grow tomatoes using the companion planting method?,"Yes, tomatoes can be grown using the companion planting method. Plant tomatoes near beneficial companions like basil, marigolds, or nasturtiums to deter pests and promote growth"
How can I tell if my tomato plants need more water?,"Signs that tomato plants need more water include wilted leaves, slow growth, and dry soil. Check the soil moisture regularly and adjust your watering schedule accordingly"
How do I properly stake my tomato plants?,"Stake tomato plants by inserting a sturdy stake or rod about 12 inches (30 cm) deep into the ground, a few inches away from the plant's base. Tie the main stem loosely to the stake using soft ties, and continue to secure the plant as it grows"
What causes tomato leaves to curl?,"Tomato leaf curl can be caused by factors like temperature stress, inconsistent watering, herbicide exposure, or viral infections. Identify the cause and address it accordingly to prevent further damage"
How can I promote pollination in my tomato plants?,"Promote pollination in tomato plants by attracting pollinators like bees, using a gentle breeze or an electric toothbrush to vibrate the flowers, or hand-pollinating the flowers using a small paintbrush or cotton swab"
What causes my tomatoes to have a mealy texture?,"Mealy texture in tomatoes can be caused by factors like over-ripening, irregular watering, or exposure to extreme temperatures. Harvest tomatoes before they become overripe and maintain consistent growing conditions"
How can I prevent my tomato plants from growing too tall?,"Prevent tomato plants from growing too tall by selecting compact or dwarf varieties, providing adequate light, and pruning indeterminate varieties to control their height."
How do I properly harden off my tomato seedlings before transplanting?,"Harden off tomato seedlings by gradually exposing them to outdoor conditions over 7-10 days. Start with a few hours of indirect sunlight and sheltered from wind, then gradually increase light and wind exposure, while monitoring nighttime temperatures"
How do I properly fertilize my tomato plants?,"Fertilize tomato plants by applying a balanced slow-release fertilizer at planting time, and then using a high-phosphorus, low-nitrogen liquid fertilizer once fruit production begins. Always follow the manufacturer's instructions for application rates and frequencies"
